size,binsearch,interpolation
1000000,0.000146664,2.556e-05
5000000,0.000198002,5.1676e-05
10000000,0.000204146,5.5156e-05
25000000,0.000201944,5.0296e-05
50000000,0.000231808,4.9748e-05
