size,bubblesort,shellsort,quicksort,mergesort
1000,0.00989341,0.000242625,0.000204105,0.000471075
5000,0.245333,0.00162158,0.00188216,0.0023473
10000,0.962021,0.00356671,0.00586769,0.00483969
